Passport,Name,City,Street,Phone
78№4637462,"Казакова Алла Вячеславовна ","Псковская обл. д.  Новая Быковка 247286 ","проезд Александровская д.  2 "," +79125869231"
10№5590201,"Булгакова Надежда Васильевна ","Ленинградская обл. г.  Слукино 227282 ",ул. Александровская д.  34 кв. 73," +79906358068"
82№6881936,"Белов Куприян Феликсович "," г.  Москва 215527 ","ул. Автодоровская д.  34 "," +79718383614"
76№7170810,"Алёхина Гликерия Владимировна ","Московская обл. г.  Никологоры 288646 ",ул. Дисенская д.  2 кв. 34," +79537088133"
67№6581149,"Золотова Лидия Егоровна ","Белгородская обл. село  Яблоново 246700 ","ул. Александровская д.  30 "," +79887773832"
40№5798385,"Ерофеева Сусанна Яковлевна ","Владимирская обл. д.  Гусевский 232010 ","ул. Дисенская д.  95 "," +79674434538"
14№8299258,"Журавлёва Ольга Георгиевна ","Псковская обл. г.  Волковойно 267539 ",ул. Дисенская д.  61 кв. 31," +79916115938"
28№4989809,"Симонов Викентий Михайлович ","Костромская обл. д.  Иваньково 216090 ","ул. Бехтерева д.  92 "," +79472647600"
25№6658494,"Верещагина Полина Федоровна ","Ленинградская обл. г.  Слукино 227282 ","ул. Гастелло д.  84 "," +79421205201"
31№6984411,"Емельянов Емельян Геннадиевич ","Ленинградская обл. д.  Борисово 269109 ","ул. Казея д.  87 "," +79573007510"
33№7813594,"Вагина Антонина Валентиновна ","Чеченская Рес. г.  Шали 239513 ","ул. Виноградная д.  42 "," +79740067642"
76№8608915,"Крюков Германн Владимирович ","Московская обл. аг.  Крутые 279377 ","ул. Ивановская д.  55 "," +79628728876"
90№8991854,"Красильников Валентин Владимирович ","Калининградская обл. аг.  Золотово 285873 ",ул. Макаренко д.  52 кв. 6," +79598089625"
43№9190168,"Ильина Серафима Александровна ","Псковская обл. г.  Волковойно 267539 ","ул. Автодоровская д.  75 "," +79564232481"
11№2059350,"Афанасьев Германн Тарасович ","Ленинградская обл. аг.  Хорошево 299378 ",ул. Казея д.  40 кв. 25," +79107854552"
71№1891330,"Дмитриев Мина Витальевич ","Псковская обл. село  Пищихино 224451 ",ул. Бехтерева д.  98 кв. 24," +79455840817"
77№5862461,"Овчинников Никифор Богданович ","Воронежская обл. аг.  Козлаково 228272 ",ул. Бехтерева д.  13 кв. 89," +79590613789"
68№4157207,"Шаров Прокопий Митрофанович "," г.  Санкт-Петербург 294982 ",проезд Александровская д.  91 кв. 77," +79310788065"
57№8708901,"Шарапов Артём Витальевич ","Владимирская обл. г.  Дубки 268211 ","ул. Белинского д.  17 "," +79312834366"
57№2254853,"Калашников Ерофей Юрьевич ","Ленинградская обл. д.  Борисово 269109 ",ул. Ватутина д.  57 кв. 89," +79429231395"
36№7278230,"Григорьев Изот Валериевич ","Воронежская обл. г.  Холопово 270178 ","ул. Виноградная д.  38 "," +79828512231"
71№1272499,"Зорина Ангелина Тарасовна ","Псковская обл. д.  Новая Быковка 247286 ",проезд Александровская д.  58 кв. 8," +79994563210"
50№5619821,"Громов Еремей Геннадиевич ","Владимирская обл. д.  Гусевский 232010 ","ул. Александровская д.  69 "," +79563897989"
47№8712077,"Вишняков Игнатий Сергеевич ","Калининградская обл. д.  Ивачево 206250 ","ул. Гастелло д.  36 "," +79495915550"
64№7827501,"Ефремова Алиса Семеновна ","Ленинградская обл. г.  Слукино 227282 ",ул. Казея д.  21 кв. 67," +79733377696"
60№8663599,"Борисова Евгения Матвеевна ","Костромская обл. г.  Хорошево 294976 ","ул. Гагарина д.  70 "," +79187775116"
69№6994678,"Князев Ириней Леонидович ","Брянская обл. д.  Андрынки 243277 ","ул. Белинского д.  76 "," +79301446643"
49№4639554,"Исакова Мирослава Платоновна ","Владимирская обл. село  Арсаки 298975 ","ул. Пинская д.  11 "," +79985498022"
56№3072300,"Ежова Антонина Викторовна ","Владимирская обл. г.  Владимир 202863 ",ул. Александровская д.  70 кв. 13," +79964713956"
37№2732201,"Иванов Кондрат Максимович ","Псковская обл. г.  Волковойно 267539 ","ул. Маркса Карла д.  81 "," +79426793037"
82№9918997,"Власов Авксентий Андреевич ","Ленинградская обл. д.  Борисово 269109 ",ул. Гикало д.  75 кв. 59," +79444216977"
58№8038347,"Лобанов Евстафий Романович ","Чеченская Рес. аг.  Гудермес 216942 ",ул. Кирова д.  67 кв. 10," +79189114565"
43№2494468,"Анисимов Конон Кириллович ","Чеченская Рес. г.  Гунюшки 252624 ",ул. Автодоровская д.  93 кв. 11," +79125334532"
30№6183216,"Афанасьев Логгин Алексеевич ","Воронежская обл. село  Струнино 270424 ","пер. Дачный д.  54 "," +79887311670"
56№5741743,"Калачева Урсула Геннадиевна ","Брянская обл. г.  Дятьково 235408 ","ул. Макаренко д.  68 "," +79817523258"
25№1763859,"Агафонов Влас Кириллович ","Чеченская Рес. г.  Гунюшки 252624 ","ул. Гастелло д.  45 "," +79358748494"
56№4796686,"Маслов Марк Евгеньевич ","Чеченская Рес. село  Рошни-Чу 269168 ",ул. Макаренко д.  43 кв. 98," +79642512827"
18№1475794,"Ершов Матвей Афанасьевич ","Тверская обл. г.  Сменки 255629 ","ул. Автодоровская д.  24 "," +79355751143"
66№4639677,"Дубова Ксения Ефимовна ","Белгородская обл. аг.  Тополи 265751 ","ул. Автодоровская д.  47 "," +79443136594"
74№5907956,"Корнилов Паисий Тихонович ","Ленинградская обл. г.  Зелёный Дол 243432 ",ул. Казея д.  9 кв. 46," +79309236517"
40№3559765,"Дементьева Инна Эдуардовна ","Брянская обл. аг.  Сосновка 264244 ","ул. Дисенская д.  12 "," +79433798233"
16№1637093,"Басова Улита Аркадьевна ","Псковская обл. аг.  Давыдово 267737 ","ул. Гикало д.  8 "," +79801419134"
26№7679792,"Ерофеева Сусанна Аркадьевна ","Белгородская обл. д.  Отрадное 277159 ",ул. Виноградная д.  12 кв. 97," +79254926741"
80№2794612,"Миронов Анфим Яковлевич ","Чеченская Рес. д.  Курчалой 234658 ","ул. Бехтерева д.  4 "," +79671764227"
88№9918730,"Крылов Ермолай Васильевич ","Воронежская обл. д.  Луч 261534 ","ул. Гикало д.  44 "," +79725977314"
42№1204475,"Анохина Варвара Андреевна "," г.  Санкт-Петербург 294982 ",пер. Дачный д.  98 кв. 89," +79114456270"
90№4385519,"Калачева Вероника Ярославовна ","Ленинградская обл. село  Герольд 238661 ",ул. Бехтерева д.  5 кв. 7," +79565069031"
81№9260515,"Грибкова Милица Григорьевна ","Московская обл. г.  Исаковка 216946 ",ул. Пинская д.  9 кв. 75," +79404272188"
22№1740245,"Титов Паисий Семенович ","Белгородская обл. г.  Белгород 211074 ",ул. Дисенская д.  82 кв. 45," +79322778160"
49№1155974,"Ершов Пров Денисович ","Белгородская обл. д.  Отрадное 277159 ","ул. Ватутина д.  4 "," +79973175012"
86№6200533,"Зыков Пантелеймон Савельевич ","Калининградская обл. д.  Ивачево 206250 ","Игуменский тракт д.  49 "," +79236441234"
77№6319390,"Ермолова Елизавета Петровна ","Чеченская Рес. село  Рошни-Чу 269168 ",ул. Запрудная д.  32 кв. 13," +79359178637"
44№1833475,"Беспалова София Евгеньевна ","Белгородская обл. д.  Отрадное 277159 ",ул. Белинского д.  74 кв. 1," +79522997672"
42№4278462,"Воронцова Клавдия Юрьевна ","Белгородская обл. г.  Агошевка 224866 ","ул. Гагарина д.  55 "," +79112897869"
19№4806365,"Шубин Даниил Корнеевич ","Тверская обл. г.  Арефино 299186 ","ул. Дисенская д.  53 "," +79270189289"
32№8259241,"Дроздова Инга Матвеевна ","Чеченская Рес. г.  Гунюшки 252624 ",ул. Казея д.  91 кв. 48," +79573864580"
30№7914105,"Ананьева Варвара Александровна ","Тверская обл. село  Агафоново 201361 ","ул. Бехтерева д.  80 "," +79148053396"
98№7684084,"Голованова Антонина Филипповна ","Чеченская Рес. село  Рошни-Чу 269168 ","ул. Макаренко д.  14 "," +79881573920"
44№6732274,"Федосеев Иннокентий Владимирович ","Владимирская обл. г.  Владимир 202863 ",пер. Дачный д.  19 кв. 77," +79566567269"
78№4073242,"Сергеев Ефим Антонович ","Белгородская обл. г.  Агошевка 224866 ","ул. Запрудная д.  44 "," +79690605426"
44№8841300,"Зайцев Германн Наумович ","Белгородская обл. аг.  Тополи 265751 ",ул. Кирова д.  85 кв. 93," +79500334835"
19№8937587,"Ефремова Евлампия Тарасовна ","Белгородская обл. д.  Отрадное 277159 ",ул. Дисенская д.  18 кв. 39," +79125708694"
94№1223883,"Евсеева Павлина Вячеславовна ","Брянская обл. д.  Андрынки 243277 ","ул. Александровская д.  7 "," +79236346609"
58№9388689,"Юдин Арсений Антонович ","Калининградская обл. г.  Городищи 252525 ","Игуменский тракт д.  57 "," +79231850303"
29№8862669,"Рожков Исаак Семенович ","Ленинградская обл. г.  Слукино 227282 ","ул. Ивановская д.  34 "," +79115793153"
52№2124456,"Басова Рада Владиславовна ","Белгородская обл. аг.  Тополи 265751 ","ул. Дисенская д.  65 "," +79941137423"
22№1776360,"Архипова Светлана Егоровна ","Воронежская обл. аг.  Козлаково 228272 ",ул. Бехтерева д.  34 кв. 89," +79631037759"
27№6107653,"Воронкова Марина Игоревна ","Владимирская обл. аг.  Долгая Лужа 224802 ","ул. Маркса Карла д.  19 "," +79983805500"
49№2250720,"Григорьева Аглая Леонидовна ","Тверская обл. г.  Сменки 255629 ","ул. Казея д.  77 "," +79438748980"
62№3723361,"Аксёнова Евлампия Станиславовна ","Брянская обл. аг.  Щученка 210126 ","ул. Бехтерева д.  56 "," +79741935147"
90№2482068,"Бочарова Прасковья Константиновна ","Московская обл. д.  Кузьмино 230722 ",ул. Пинская д.  23 кв. 71," +79219040789"
66№6237335,"Боброва Татьяна Федоровна ","Костромская обл. г.  Вязники 279793 ","ул. Кирова д.  35 "," +79535588921"
69№8309244,"Гришин Ефрем Борисович ","Тверская обл. д.  Харино 269928 ",ул. Бехтерева д.  44 кв. 66," +79849695544"
73№5498917,"Фомичёв Лаврентий Валериевич ","Брянская обл. аг.  Сосновка 264244 ","ул. Александровская д.  58 "," +79350802736"
40№3918973,"Астахова Пинна Аркадьевна ","Псковская обл. д.  Новая Быковка 247286 ","ул. Казея д.  15 "," +79861397017"
72№4989669,"Дементьева Валерия Эдуардовна ","Владимирская обл. д.  Гусевский 232010 ",ул. Гагарина д.  39 кв. 39," +79788980666"
93№2031526,"Дьякова Марина Максимовна ","Владимирская обл. село  Арсаки 298975 ","ул. Гикало д.  19 "," +79214022124"
45№4531221,"Быкова Ангелина Анатольевна ","Тверская обл. село  Агафоново 201361 ",ул. Кирова д.  24 кв. 10," +79549835321"
67№2041950,"Головина Снежана Юрьевна ","Белгородская обл. г.  Агошевка 224866 ","ул. Гагарина д.  85 "," +79689997945"
83№2238528,"Чернов Артём Витальевич ","Воронежская обл. аг.  Козлаково 228272 ","ул. Гикало д.  80 "," +79868781375"
